tx_hash,to_address_hash,value,Gas_cost,gas_cost_percentage
0x5e3a...a7b5,0x2fAf55a544C5F73666438BC185aeCC8D685E6b83,5.75,0.00174800000000000,0.0304
0x9a4b...e7c1,0x28c6c06298d514Db089934071355E5743bf21d60,12.50,0.00094500000000000,0.0076
0x7c2d...c583,0x89d24A6b4CcB1B6fAA2625fE562bDD9a23260359,1500.00,0.00305500000000000,0.0002
